<favourites>
    <favourite name="巧虎宝宝版">ActivateWindow(10025,&quot;smb://STORE/Public/动画/巧虎宝宝版/&quot;,return)</favourite>
    <favourite name="花园宝宝">ActivateWindow(10025,&quot;smb://STORE/Public/动画/花园宝宝/&quot;,return)</favourite>
    <favourite name="动画">ActivateWindow(10025,&quot;smb://STORE/Public/动画/&quot;,return)</favourite>
    <favourite name="教育">ActivateWindow(10025,&quot;smb://STORE/Public/教育/&quot;,return)</favourite>
    <favourite name="公共">ActivateWindow(10025,&quot;smb://STORE/Public/&quot;,return)</favourite>
    <favourite name="下载">ActivateWindow(10025,&quot;smb://STORE/Downloads/&quot;,return)</favourite>
    <favourite name="视频">ActivateWindow(10025,&quot;smb://STORE/Movies/&quot;,return)</favourite>
    <favourite name="照片">ActivateWindow(10002,&quot;smb://STORE/Pictures/&quot;,return)</favourite>
</favourites>
