<passwords>
    <path>
        <from pathversion="1">smb://STORE/Downloads</from>
        <to pathversion="1">smb://admin:gjzgqz@STORE/Downloads/</to>
    </path>
    <path>
        <from pathversion="1">smb://STORE/Movies</from>
        <to pathversion="1">smb://admin:gjzgqz@STORE/Movies/</to>
    </path>
    <path>
        <from pathversion="1">smb://STORE/Music</from>
        <to pathversion="1">smb://admin:gjzgqz@STORE/Music/</to>
    </path>
    <path>
        <from pathversion="1">smb://STORE/Pictures</from>
        <to pathversion="1">smb://admin:gjzgqz@STORE/Pictures/</to>
    </path>
    <path>
        <from pathversion="1">smb://STORE/Public</from>
        <to pathversion="1">smb://admin:gjzgqz@STORE/Public/</to>
    </path>
</passwords>
