<sources>
    <programs>
        <default pathversion="1"></default>
    </programs>
    <video>
        <default pathversion="1"></default>
        <source>
            <name>下载</name>
            <path pathversion="1">smb://STORE/Downloads/</path>
            <allowsharing>true</allowsharing>
        </source>
        <source>
            <name>视频</name>
            <path pathversion="1">smb://STORE/Movies/</path>
            <allowsharing>true</allowsharing>
        </source>
        <source>
            <name>公共</name>
            <path pathversion="1">smb://STORE/Public/</path>
            <allowsharing>true</allowsharing>
        </source>
    </video>
    <music>
        <default pathversion="1"></default>
        <source>
            <name>音乐</name>
            <path pathversion="1">smb://STORE/Music/</path>
            <allowsharing>true</allowsharing>
        </source>
    </music>
    <pictures>
        <default pathversion="1">照片</default>
        <source>
            <name>照片</name>
            <path pathversion="1">smb://STORE/Pictures/</path>
            <allowsharing>true</allowsharing>
        </source>
    </pictures>
    <files>
        <default pathversion="1"></default>
    </files>
    <games>
        <default pathversion="1"></default>
    </games>
</sources>
